{
"metadata": {
    "version": 3,
    "type": "geometry",
    "generator": "GeometryExporter"
},

"materials": [
	{
	"DbgIndex" : 0,
	"mapDiffuse" : "pizza09.png",
	"opacity" : 1.0,
	"diffuse": [0.8,0.8,0.8],
	"specular": [0.2,0.2,0.2]
	}
],
"normals": [],
"colors": [],
"vertices": [
-1.231010,-0.043180,-0.217057,
-1.082526,-0.043180,-0.624992,
-1.231010,-0.043180,0.217057,
-0.803484,-0.043180,-0.957550,
-0.427526,-0.043180,-1.174612,
0.803484,-0.043180,0.957550,
0.000000,-0.043180,1.250000,
0.427526,-0.043180,1.174612,
-0.803484,-0.043180,0.957550,
-0.427526,-0.043180,1.174612,
-1.082526,-0.043180,0.625008,
0.000000,-0.043180,-1.250000,
0.427526,-0.043180,-1.174612,
1.082526,-0.043180,-0.624992,
1.231010,-0.043180,0.217057,
1.082526,-0.043180,0.624992,
1.231010,-0.043180,-0.217057,
0.803484,-0.043180,-0.957550,
-0.698705,0.033205,-0.832681,
-0.941366,0.033205,0.543499,
0.698705,0.033205,-0.832681,
-1.070485,0.033205,0.188755,
-1.070485,0.033205,-0.188755,
-0.941366,0.033205,-0.543499,
-0.955679,0.043180,0.551768,
-0.698705,0.033205,0.832681,
-1.086761,0.043180,0.191623,
-1.086761,0.043180,-0.191623,
-0.955679,0.043180,-0.551768,
-0.709333,0.043180,-0.845339,
-0.377428,0.043180,-1.036977,
-0.371780,0.033205,-1.021436,
0.000000,0.043180,-1.103520,
0.000000,0.033205,-1.086998,
0.377428,0.043180,-1.036977,
0.371765,0.033205,-1.021436,
0.709333,0.043180,-0.845354,
1.222335,-0.017222,0.215526,
1.173445,0.007272,0.206917,
1.074900,-0.017222,0.620588,
1.031905,0.007272,0.595770,
0.797826,-0.017222,0.950802,
0.765916,0.007272,0.912776,
0.424509,-0.017222,1.166343,
0.407529,0.007272,1.119689,
0.000000,-0.017222,1.241191,
0.000000,0.007272,1.191541,
-0.424509,-0.017222,1.166343,
-0.407529,0.007272,1.119689,
-0.797826,-0.017222,0.950802,
-0.765916,0.007272,0.912776,
-1.074900,-0.017222,0.620588,
-1.031905,0.007272,0.595770,
-1.222335,-0.017222,0.215526,
-1.173445,0.007272,0.206917,
-1.222335,-0.017222,-0.215526,
-1.173445,0.007272,-0.206917,
-1.074900,-0.017222,-0.620588,
-1.031905,0.007272,-0.595770,
-0.797826,-0.017222,-0.950802,
-0.765916,0.007272,-0.912776,
-0.424509,-0.017222,-1.166343,
-0.407529,0.007272,-1.119689,
0.000000,-0.017222,-1.241191,
0.000000,0.007272,-1.191541,
0.424509,-0.017222,-1.166343,
0.407529,0.007272,-1.119689,
0.797826,-0.017222,-0.950802,
0.765916,0.007272,-0.912776,
1.074900,-0.017222,-0.620588,
1.031905,0.007272,-0.595770,
1.222335,-0.017222,-0.215526,
1.173445,0.007272,-0.206917,
1.103037,0.042471,-0.194491,
1.103037,0.042471,0.194491,
1.086761,0.043180,-0.191623,
1.086761,0.043180,0.191623,
1.070485,0.033205,-0.188755,
1.070485,0.033205,0.188755,
0.941366,0.033205,0.543499,
0.955679,0.043180,0.551768,
0.709333,0.043180,0.845339,
0.719961,0.042471,0.858012,
0.383076,0.042471,1.052503,
0.000000,0.042471,1.120059,
-0.383076,0.042471,1.052503,
-0.719961,0.042471,0.858012,
-0.969987,0.042471,0.560022,
-1.103037,0.042471,0.194491,
-1.103037,0.042471,-0.194491,
-0.969987,0.042471,-0.560022,
-0.719961,0.042471,-0.858012,
-0.383076,0.042471,-1.052503,
0.000000,0.042471,-1.120059,
0.383076,0.042471,-1.052503,
0.719961,0.042471,-0.858012,
0.969987,0.042471,-0.560022,
0.955679,0.043180,-0.551768,
0.941366,0.033205,-0.543499,
-0.371765,0.033205,1.021436,
-0.709333,0.043180,0.845354,
0.969987,0.042471,0.560022,
-0.377428,0.043180,1.036977,
1.082526,-0.043180,-0.624992,
1.231010,-0.043180,-0.217057,
0.803484,-0.043180,-0.957550,
0.427526,-0.043180,-1.174612,
0.000000,-0.043180,-1.250000,
-0.427526,-0.043180,-1.174612,
-0.803484,-0.043180,-0.957550,
-1.082526,-0.043180,-0.624992,
-1.231010,-0.043180,-0.217057,
-1.231010,-0.043180,0.217057,
-1.082526,-0.043180,0.625008,
-0.803484,-0.043180,0.957550,
-0.427526,-0.043180,1.174612,
0.000000,-0.043180,1.250000,
0.427526,-0.043180,1.174612,
0.803484,-0.043180,0.957550,
1.082526,-0.043180,0.624992,
1.231010,-0.043180,0.217057,
0.371765,0.033205,1.021436,
0.000000,0.033205,1.086998,
0.000000,0.043180,1.103520,
0.377428,0.043180,1.036977,
0.698705,0.033205,0.832681
],
"uvs": [[
0.906900,1.062100,
0.850800,1.032300,
0.949400,1.109300,
0.787900,1.023400,
0.725800,1.036600,
0.800700,1.389000,
0.916700,1.342100,
0.862800,1.375800,
0.975400,1.231700,
0.955800,1.292100,
0.973200,1.168200,
0.671900,1.070300,
0.632800,1.120400,
0.615400,1.244200,
0.681700,1.350300,
0.737800,1.380200,
0.639200,1.303100,
0.613200,1.180800,
0.073200,1.627900,
0.319700,1.310600,
0.346000,1.930900,
0.218700,1.350800,
0.138100,1.423400,
0.087500,1.519600,
0.318700,1.305900,
0.428900,1.307600,
0.216200,1.346700,
0.134300,1.420400,
0.083000,1.518100,
0.068400,1.628000,
0.092300,1.736800,
0.096700,1.735100,
0.151800,1.831500,
0.155300,1.828300,
0.239700,1.900500,
0.241900,1.896300,
0.345400,1.935700,
0.672200,1.842900,
0.660800,1.834000,
0.729900,1.733000,
0.716200,1.728500,
0.746300,1.609400,
0.732000,1.609800,
0.719500,1.487000,
0.706200,1.492300,
0.652500,1.380600,
0.641900,1.390100,
0.553700,1.302900,
0.547000,1.315500,
0.434700,1.263400,
0.432800,1.277600,
0.310100,1.266800,
0.313200,1.280900,
0.194800,1.312700,
0.202500,1.325000,
0.102700,1.395600,
0.114100,1.404600,
0.045000,1.505500,
0.058700,1.510000,
0.028600,1.629100,
0.042900,1.628700,
0.055400,1.751500,
0.068700,1.746200,
0.122300,1.858000,
0.132900,1.848400,
0.221200,1.935600,
0.227900,1.923000,
0.340200,1.975100,
0.342100,1.960900,
0.464800,1.971700,
0.461700,1.957600,
0.580100,1.925800,
0.572400,1.913500,
0.561300,1.895900,
0.644400,1.821100,
0.558700,1.891800,
0.640600,1.818100,
0.556200,1.887700,
0.636800,1.815100,
0.687400,1.718900,
0.691900,1.720400,
0.706500,1.610500,
0.711300,1.610400,
0.687100,1.499900,
0.626700,1.403900,
0.537400,1.333800,
0.430100,1.298100,
0.317600,1.301200,
0.213600,1.342600,
0.130500,1.417400,
0.078400,1.516600,
0.063600,1.628100,
0.087800,1.738600,
0.148200,1.834700,
0.237500,1.904700,
0.344800,1.940400,
0.457300,1.937300,
0.456200,1.932600,
0.455200,1.927900,
0.533000,1.342200,
0.429500,1.302800,
0.696500,1.721900,
0.535200,1.338000,
0.466400,1.978900,
0.584000,1.932100,
0.339200,1.982400,
0.217800,1.942100,
0.116900,1.862800,
0.048700,1.754200,
0.021200,1.629300,
0.038000,1.503200,
0.096900,1.391000,
0.190900,1.306500,
0.308500,1.259600,
0.435700,1.256100,
0.557000,1.296400,
0.658000,1.375700,
0.726200,1.484300,
0.753600,1.609200,
0.736900,1.735400,
0.678000,1.847500,
0.678200,1.503500,
0.619600,1.410200,
0.623100,1.407000,
0.682600,1.501700,
0.701700,1.610700
]],